month,orders,customers,gmv,avg_order_value,gmv_mom_pct,gmv_running_total,gmv_3m_moving_avg,freight_pct_of_gmv
2017-01-01,750,718,111798.0,149.06,,111798.0,111798.0,14.0
2017-02-01,1653,1630,234223.0,141.7,109.5,346022.0,173011.0,15.8
2017-03-01,2546,2508,359199.0,141.08,53.4,705221.0,235074.0,15.3
2017-04-01,2303,2274,340670.0,147.92,-5.2,1045890.0,311364.0,14.7
2017-05-01,3545,3478,489159.0,137.99,43.6,1535050.0,396343.0,15.8
2017-06-01,3135,3076,421923.0,134.58,-13.7,1956973.0,417251.0,16.1
2017-07-01,3872,3802,481605.0,124.38,14.1,2438577.0,464229.0,17.6
2017-08-01,4193,4114,554700.0,132.29,15.2,2993277.0,486076.0,16.4
2017-09-01,4150,4083,607400.0,146.36,9.5,3600677.0,547901.0,15.4
2017-10-01,4478,4417,648248.0,144.76,6.7,4248924.0,603449.0,15.9
2017-11-01,7288,7182,987648.0,135.52,52.4,5236573.0,747765.0,16.8
2017-12-01,5513,5450,726033.0,131.69,-26.5,5962606.0,787310.0,16.1
2018-01-01,7069,6974,924645.0,130.8,27.4,6887251.0,879442.0,16.6
2018-02-01,6555,6400,826437.0,126.08,-10.6,7713688.0,825705.0,16.9
2018-03-01,7003,6914,953356.0,136.14,15.4,8667044.0,901479.0,17.5
2018-04-01,6798,6744,973534.0,143.21,2.1,9640578.0,917776.0,16.4
2018-05-01,6749,6693,977545.0,144.84,0.4,10618123.0,968145.0,15.5
2018-06-01,6096,6058,855592.0,140.35,-12.5,11473715.0,935557.0,18.2
2018-07-01,6156,6097,867486.0,140.92,1.4,12341201.0,900208.0,18.4
2018-08-01,6351,6310,838577.0,132.04,-3.3,13179778.0,853885.0,17.5
