customer_state,orders,avg_delivery_days,avg_promised_days,late_pct,avg_order_value,avg_freight,late_rank
AL,396,24.5,32.5,21.5,199.0,38.6,1
MA,713,21.5,30.3,17.5,163.0,42.8,2
SE,332,21.4,30.6,15.4,170.0,41.1,3
PI,475,19.4,30.0,13.9,178.0,43.0,4
CE,1273,21.2,31.2,13.8,171.0,36.5,5
BA,3253,19.3,29.4,12.2,152.0,30.0,6
RJ,12310,15.3,26.3,12.1,142.0,24.0,7
PA,942,23.8,37.0,11.3,184.0,39.7,8
ES,1992,15.8,25.5,10.7,134.0,24.5,9
PB,516,20.4,33.0,10.5,218.0,48.9,10
MS,701,15.6,26.0,9.7,165.0,27.0,11
PE,1587,18.4,30.9,9.6,158.0,35.8,12
RN,470,19.2,32.0,9.4,173.0,39.3,13
SC,3537,14.9,25.7,8.2,143.0,24.8,14
GO,1950,15.6,27.0,6.6,145.0,26.3,15
RS,5327,15.3,28.4,6.1,136.0,24.8,16
MT,885,18.1,31.7,6.0,172.0,32.7,17
DF,2074,12.9,24.2,5.7,142.0,23.9,18
MG,11319,12.0,24.5,4.6,137.0,23.5,19
SP,40399,8.7,19.1,4.5,125.0,17.3,20
PR,4903,12.0,24.5,4.1,135.0,23.5,21
