late_rank,seller_id,seller_state,orders,late_pct,avg_delivery_days
1,54965bbe3e4f07ae045b90b0b8541f52,PR,73,30.1,26.2
2,beadbee30901a7f61d031b6b686095ad,SP,64,23.4,14.1
3,a49928bcdf77c55c6d6e05e09a9b4ca5,SP,96,21.9,16.9
4,712e6ed8aa4aa1fa65dab41fed5737e4,SC,77,20.8,24.7
5,06a2c3af7b3aee5d69171b0e14f0ee87,MA,389,19.0,17.7
6,ea566164622c6b439516ab18062c42cd,SP,50,18.0,14.0
6,002100f778ceb8431b7a1020ff7ab48f,SP,50,18.0,16.4
8,cac4c8e7b1ca6252d8f20b2fc1a2e4af,SP,73,17.8,18.2
9,6039e27294dc75811c0d8a39069f52c0,SP,63,17.5,18.0
10,88460e8ebdecbfecb5f9601833981930,PR,246,17.1,17.8
11,1ca7077d890b907f89be8c954a02686a,SP,108,16.7,15.5
12,d20b021d3efdf267a402c402a48ea64b,SP,86,16.3,17.0
13,bbad7e518d7af88a0897397ffdca1979,SP,68,16.2,13.5
14,0b35c634521043bf4b47e21547b99ab5,PR,50,16.0,19.3
15,05f51e13da97139648b8125c31e5f51b,MG,57,15.8,12.5
16,e5a3438891c0bfdb9394643f95273d8e,SP,216,15.7,15.7
16,2a261b5b644fa05f4f2700eb93544f2c,SP,51,15.7,14.1
18,cd68562d3f44870c08922d380acae552,SP,122,15.6,16.3
19,2c9e548be18521d1c43cde1c582c6de8,SP,124,15.3,13.7
20,6973a06f484aacf400ece213dbf3d946,SP,89,14.6,14.9
