month,orders,avg_delivery_days,late_pct
2017-01-01,750,12.6,2.9
2017-02-01,1653,13.2,3.0
2017-03-01,2546,13.0,4.6
2017-04-01,2303,14.9,6.6
2017-05-01,3545,11.3,3.0
2017-06-01,3135,12.0,3.0
2017-07-01,3872,11.6,2.8
2017-08-01,4193,11.1,2.9
2017-09-01,4150,11.9,4.4
2017-10-01,4478,11.9,4.2
2017-11-01,7288,15.2,12.4
2017-12-01,5513,15.4,7.5
2018-01-01,7069,14.1,5.7
2018-02-01,6555,16.9,14.1
2018-03-01,7003,16.3,19.0
2018-04-01,6798,11.5,4.5
2018-05-01,6749,11.4,6.6
2018-06-01,6096,9.2,1.2
2018-07-01,6156,9.0,3.4
2018-08-01,6351,7.7,6.2
