gmv_rank,category,orders,items_sold,gmv,pct_of_gmv,cumulative_pct,avg_price,freight_pct_of_price,avg_review,late_pct
1,health_beauty,8610,9422,1229558.0,9.3,9.3,130.0,14.5,4.19,7.6
2,watches_gifts,5489,5853,1163188.0,8.8,18.2,199.0,8.4,4.07,7.2
3,bed_bath_table,9267,10945,1022956.0,7.8,25.9,93.0,19.7,3.92,7.0
4,sports_leisure,7512,8413,952661.0,7.2,33.1,113.0,17.1,4.16,6.3
5,computers_accessories,6517,7631,887945.0,6.7,39.9,116.0,16.2,3.99,6.5
6,furniture_decor,6258,8095,706237.0,5.4,45.2,87.0,23.7,3.96,7.1
7,housewares,5734,6783,614342.0,4.7,49.9,91.0,23.2,4.11,5.0
8,cool_stuff,3552,3711,609158.0,4.6,54.5,164.0,13.3,4.2,5.8
9,auto,3801,4131,577721.0,4.4,58.9,140.0,15.6,4.12,7.0
10,garden_tools,3443,4263,469135.0,3.6,62.5,110.0,20.6,4.08,6.6
11,toys,3781,4005,466991.0,3.5,66.0,117.0,16.1,4.21,6.4
12,baby,2800,2971,399051.0,3.0,69.0,134.0,16.6,4.08,7.7
13,perfumery,3060,3311,385316.0,2.9,72.0,116.0,13.6,4.22,6.6
14,telephony,4086,4422,309632.0,2.3,74.3,70.0,22.4,3.99,7.0
15,office_furniture,1248,1662,266853.0,2.0,76.3,161.0,25.0,3.52,8.0
16,stationery,2264,2466,223789.0,1.7,78.0,91.0,20.5,4.25,6.8
17,computers,177,199,218684.0,1.7,79.7,1099.0,4.4,4.22,5.0
18,pet_shop,1684,1920,211006.0,1.6,81.3,110.0,18.4,4.22,4.9
19,musical_instruments,611,651,184316.0,1.4,82.7,283.0,9.7,4.22,7.4
20,small_appliances,609,658,182754.0,1.4,84.1,278.0,8.4,4.22,4.6
21,unknown,1390,1535,170661.0,1.3,85.4,111.0,15.8,3.94,7.5
22,electronics,2516,2728,154936.0,1.2,86.5,57.0,29.5,4.07,7.6
23,fashion_bags_accessories,1812,1976,148945.0,1.1,87.7,75.0,20.4,4.2,5.3
24,consoles_games,1011,1082,144384.0,1.1,88.8,133.0,13.1,4.14,5.9
25,construction_tools_construction,736,916,142108.0,1.1,89.9,155.0,14.3,4.09,6.3
26,luggage_accessories,1019,1077,138702.0,1.1,90.9,129.0,21.7,4.35,4.2
27,home_appliances_2,227,231,107954.0,0.8,91.7,467.0,9.5,4.16,6.1
28,home_construction,483,596,81408.0,0.6,92.3,137.0,16.7,3.96,5.9
29,home_appliances,747,754,78832.0,0.6,92.9,105.0,18.4,4.22,4.5
30,agro_industry_and_commerce,177,206,70566.0,0.5,93.5,343.0,8.0,4.09,3.4
31,furniture_living_room,414,495,67351.0,0.5,94.0,136.0,26.3,3.93,7.1
32,home_confort,392,429,58008.0,0.4,94.4,135.0,14.5,3.85,9.3
33,fixed_telephony,207,250,54610.0,0.4,94.8,218.0,8.1,3.75,4.0
34,air_conditioning,242,281,51974.0,0.4,95.2,185.0,12.3,4.04,3.9
35,audio,346,360,50414.0,0.4,95.6,140.0,11.2,3.83,11.7
36,small_appliances_home_oven_and_coffee,72,73,46590.0,0.4,96.0,638.0,5.7,4.44,5.5
37,kitchen_dining_laundry_garden_furniture,241,274,45532.0,0.3,96.3,166.0,25.3,4.03,4.4
38,books_general_interest,495,536,45256.0,0.3,96.7,84.0,19.6,4.51,6.2
39,construction_tools_lights,242,301,39957.0,0.3,97.0,133.0,18.7,4.08,7.3
40,construction_tools_safety,159,183,38773.0,0.3,97.3,212.0,9.6,3.97,2.7
41,industry_commerce_and_business,228,260,37810.0,0.3,97.5,145.0,19.8,4.12,6.5
42,food,440,498,28651.0,0.2,97.8,58.0,24.6,4.26,7.0
43,market_place,269,294,26880.0,0.2,98.0,91.0,18.9,4.04,3.7
44,costruction_tools_garden,190,232,25096.0,0.2,98.2,108.0,20.7,4.12,5.6
45,art,195,197,23657.0,0.2,98.3,120.0,16.2,4.08,6.1
46,fashion_shoes,234,256,22971.0,0.2,98.5,90.0,20.9,4.28,4.3
47,drinks,287,361,21530.0,0.2,98.7,60.0,25.3,4.12,4.4
48,signaling_and_security,138,197,21315.0,0.2,98.8,108.0,30.4,4.09,4.1
49,furniture_bedroom,90,103,19052.0,0.1,99.0,185.0,22.7,4.25,6.8
50,books_technical,256,263,18702.0,0.1,99.1,71.0,22.5,4.39,8.0
51,costruction_tools_tools,97,103,15904.0,0.1,99.2,154.0,12.8,4.44,5.8
52,food_drink,221,269,14943.0,0.1,99.4,56.0,29.4,4.36,4.1
53,fashion_male_clothing,105,124,10427.0,0.1,99.4,84.0,19.7,3.78,5.6
54,fashion_underwear_beach,117,127,9306.0,0.1,99.5,73.0,19.9,4.05,9.4
55,christmas_supplies,125,150,8738.0,0.1,99.6,58.0,36.5,4.07,10.0
56,tablets_printing_image,79,83,7528.0,0.1,99.6,91.0,16.3,4.12,6.0
57,cine_photo,63,70,6674.0,0.1,99.7,95.0,18.4,4.29,5.7
58,music,38,38,6034.0,0.0,99.7,159.0,11.4,4.21,5.3
59,dvds_blu_ray,56,61,4543.0,0.0,99.8,74.0,27.0,4.18,6.6
60,party_supplies,38,42,4465.0,0.0,99.8,106.0,18.4,3.83,0.0
61,books_imported,50,57,4419.0,0.0,99.8,78.0,16.6,4.51,3.5
62,furniture_mattress_and_upholstery,37,37,4323.0,0.0,99.9,117.0,36.6,3.89,13.5
63,portateis_cozinha_e_preparadores_de_alimentos,13,14,3934.0,0.0,99.9,281.0,7.5,3.43,7.1
64,fashio_female_clothing,35,44,2580.0,0.0,99.9,59.0,22.0,3.91,6.8
65,fashion_sport,26,29,2095.0,0.0,99.9,72.0,26.9,4.34,3.4
66,la_cuisine,13,14,2055.0,0.0,99.9,147.0,16.2,4.0,0.0
67,arts_and_craftmanship,23,24,1814.0,0.0,100.0,76.0,20.4,4.13,4.2
68,diapers_and_hygiene,24,36,1366.0,0.0,100.0,38.0,38.8,3.33,0.0
69,pc_gamer,7,8,1307.0,0.0,100.0,163.0,9.4,3.63,0.0
70,flowers,29,33,1110.0,0.0,100.0,34.0,44.0,4.42,3.0
71,home_comfort_2,24,30,760.0,0.0,100.0,25.0,54.0,3.63,13.3
72,cds_dvds_musicals,12,14,730.0,0.0,100.0,52.0,30.8,4.64,0.0
73,fashion_childrens_clothes,7,7,520.0,0.0,100.0,74.0,15.1,5.0,0.0
74,security_and_services,2,2,283.0,0.0,100.0,142.0,14.6,2.5,0.0
