gmv_rank,seller_id,seller_state,orders,gmv,pct_of_total_gmv,avg_review,late_pct
1,4869f7a5dfa277a7dca6462dcf3b52b2,SP,1124,226988.0,1.72,4.14,10.5
2,53243585a1d6dc2643021fd1853d8905,BA,348,217940.0,1.65,4.13,3.0
3,4a3ca9315b744ce9f8e9374361493884,SP,1772,196882.0,1.49,3.83,9.7
4,fa1c13f2614d7b5c4749cbc52fecda94,SP,578,190917.0,1.45,4.37,9.2
5,7c67e1448b00f6e969d365cea6b010ab,SP,973,186570.0,1.42,3.35,8.9
6,7e93a43ef30c4f03f38b393420bc753a,SP,318,164582.0,1.25,4.36,4.7
7,da8622b14eb17ae2831f4ac5b9dab84a,SP,1311,159817.0,1.21,4.07,6.4
8,7a67c85e85bb2ce8582c35f2203ad736,SP,1145,139659.0,1.06,4.27,5.2
9,1025f0e2d44d7041d6cf58b6550e0bfa,SP,910,138209.0,1.05,3.86,6.7
10,955fee9216a65b617aa5c0531780ce60,SP,1261,131837.0,1.0,4.09,6.5
11,6560211a19b47992c3666cc44a7e94c0,SP,1819,120703.0,0.92,3.95,5.1
12,46dc3b2cc0980fb8ec44634e21d2718e,RJ,494,120566.0,0.91,4.28,5.7
13,7d13fca15225358621be4086e1eb0964,SP,558,112436.0,0.85,4.02,11.2
14,5dceca129747e92ff8ef7a997dc4f8ca,SP,322,111127.0,0.84,4.02,5.2
15,620c87c171fb2a6dd6e8bb4dec959fc6,RJ,699,107574.0,0.82,4.25,8.6
