category,gmv_2017,gmv_2018,growth_pct,abs_growth_rank
construction_tools_construction,2581.0,122887.0,4660.0,10
baby,67998.0,250616.0,269.0,9
stationery,36725.0,132316.0,260.0,12
watches_gifts,201138.0,687577.0,242.0,2
health_beauty,243522.0,755725.0,210.0,1
housewares,127535.0,391823.0,207.0,6
telephony,57473.0,174124.0,203.0,11
musical_instruments,37051.0,105827.0,186.0,15
auto,125247.0,343288.0,174.0,7
pet_shop,49083.0,126850.0,158.0,13
sports_leisure,216545.0,517166.0,139.0,3
computers_accessories,214631.0,496158.0,131.0,4
furniture_decor,170859.0,381650.0,123.0,8
bed_bath_table,254445.0,532359.0,109.0,5
office_furniture,74662.0,140578.0,88.0,16
garden_tools,138051.0,212186.0,54.0,14
perfumery,121953.0,174372.0,43.0,17
toys,118450.0,167934.0,42.0,18
cool_stuff,206306.0,227744.0,10.0,19
