month,orders,returning_orders,returning_order_pct,returning_revenue_pct
2017-01-01,750,27,3.6,1.6
2017-02-01,1653,23,1.4,1.1
2017-03-01,2546,37,1.5,1.0
2017-04-01,2303,40,1.7,1.8
2017-05-01,3545,81,2.3,2.4
2017-06-01,3135,89,2.8,2.1
2017-07-01,3872,103,2.7,2.5
2017-08-01,4193,115,2.7,3.0
2017-09-01,4150,131,3.2,2.7
2017-10-01,4478,139,3.1,2.4
2017-11-01,7288,206,2.8,2.5
2017-12-01,5513,163,3.0,3.3
2018-01-01,7069,207,2.9,2.7
2018-02-01,6555,241,3.7,3.2
2018-03-01,7003,208,3.0,2.6
2018-04-01,6798,209,3.1,2.7
2018-05-01,6749,237,3.5,3.3
2018-06-01,6096,208,3.4,3.3
2018-07-01,6156,186,3.0,2.8
2018-08-01,6351,202,3.2,3.1
