category,customers,repeat_rate_pct
fashion_bags_accessories,312,10.26
bed_bath_table,1217,8.22
furniture_decor,1105,7.78
sports_leisure,1010,7.23
pet_shop,253,5.14
health_beauty,1049,4.77
computers_accessories,830,4.7
watches_gifts,428,4.44
baby,307,4.23
housewares,893,4.14
garden_tools,519,3.85
stationery,210,3.81
unknown,295,3.73
perfumery,536,3.73
telephony,736,3.4
luggage_accessories,223,3.14
auto,439,2.96
electronics,198,2.53
toys,637,2.51
office_furniture,248,2.42
cool_stuff,741,2.29
consoles_games,148,2.03
small_appliances,119,1.68
