month,orders,avg_score,late_pct
2017-01-01,741,4.2,2.8
2017-02-01,1643,4.2,2.6
2017-03-01,2527,4.19,4.5
2017-04-01,2290,4.14,6.4
2017-05-01,3517,4.24,2.8
2017-06-01,3111,4.22,3.0
2017-07-01,3842,4.26,2.7
2017-08-01,4165,4.31,2.9
2017-09-01,4118,4.27,4.3
2017-10-01,4446,4.2,4.0
2017-11-01,7237,3.99,12.3
2017-12-01,5461,4.09,7.3
2018-01-01,7013,4.11,5.6
2018-02-01,6507,3.88,14.0
2018-03-01,6948,3.81,18.7
2018-04-01,6752,4.21,4.4
2018-05-01,6722,4.24,6.5
2018-06-01,6072,4.31,1.2
2018-07-01,6118,4.32,3.3
2018-08-01,6330,4.31,6.1
